"Date","Price","Open","High","Low","Vol.","Change %"
"04/17/2026","1,855.83","1,850.19","1,875.00","1,832.50","360.96K","1.85%"
"04/16/2026","1,822.13","1,860.74","1,891.50","1,808.60","412.60K","-2.67%"
"04/15/2026","1,872.12","1,858.19","1,887.07","1,843.04","470.74K","1.71%"
"04/14/2026","1,840.66","1,841.00","1,878.85","1,836.34","358.27K","0.48%"
"04/13/2026","1,831.93","1,761.75","1,839.01","1,761.11","465.48K","3.27%"
"04/10/2026","1,773.96","1,801.00","1,812.89","1,756.87","366.93K","-1.07%"
"04/09/2026","1,793.20","1,783.49","1,802.22","1,744.10","322.69K","0.98%"
"04/08/2026","1,775.74","1,822.79","1,843.91","1,765.43","521.11K","1.92%"
"04/07/2026","1,742.30","1,714.26","1,744.91","1,691.91","351.32K","1.87%"
"04/06/2026","1,710.37","1,706.58","1,727.26","1,694.00","210.67K","-0.30%"
"04/02/2026","1,715.52","1,689.96","1,737.99","1,684.08","290.51K","-0.20%"
"04/01/2026","1,718.97","1,740.16","1,741.04","1,692.31","643.62K","-0.58%"
"03/31/2026","1,729.02","1,645.00","1,741.64","1,631.02","800.44K","6.78%"
"03/30/2026","1,619.20","1,608.05","1,633.58","1,598.23","385.82K","1.23%"
"03/27/2026","1,599.52","1,618.95","1,633.12","1,593.21","546.36K","-1.93%"
"03/26/2026","1,630.99","1,624.77","1,668.59","1,620.00","290.14K","-0.52%"
"03/25/2026","1,639.47","1,637.10","1,658.66","1,617.25","403.80K","1.70%"
"03/24/2026","1,612.02","1,647.32","1,653.52","1,606.21","511.06K","-3.24%"
"03/23/2026","1,666.08","1,662.46","1,691.79","1,637.21","460.67K","1.85%"
"03/20/2026","1,635.76","1,656.00","1,671.72","1,631.18","537.38K","-1.87%"
"03/19/2026","1,666.93","1,680.02","1,684.03","1,648.51","427.48K","-1.38%"
"03/18/2026","1,690.26","1,718.45","1,741.21","1,686.99","366.87K","-2.19%"
"03/17/2026","1,728.14","1,733.33","1,752.26","1,711.00","362.73K","-0.24%"
"03/16/2026","1,732.33","1,685.00","1,741.96","1,681.00","466.01K","3.73%"
"03/13/2026","1,670.00","1,670.80","1,695.00","1,645.91","678.93K","-0.60%"
"03/12/2026","1,680.00","1,700.00","1,712.69","1,631.18","1.20M","-4.88%"
"03/11/2026","1,766.10","1,745.26","1,766.56","1,726.46","367.97K","1.38%"
"03/10/2026","1,742.09","1,773.49","1,773.49","1,723.70","442.01K","-1.55%"
"03/09/2026","1,769.52","1,742.71","1,769.52","1,721.41","601.17K","-1.03%"
"03/06/2026","1,787.86","1,758.13","1,794.17","1,738.55","440.04K","0.42%"
"03/05/2026","1,780.36","1,769.70","1,810.62","1,765.00","489.82K","0.64%"
"03/04/2026","1,769.03","1,731.76","1,789.00","1,727.00","520.95K","3.21%"
"03/03/2026","1,714.01","1,688.88","1,721.96","1,660.20","977.64K","-3.54%"
"03/02/2026","1,777.00","1,700.15","1,780.00","1,682.12","818.93K","1.10%"
"02/27/2026","1,757.58","1,739.37","1,775.98","1,721.41","792.93K","0.96%"
"02/26/2026","1,740.88","1,791.00","1,796.00","1,731.26","1.09M","-1.52%"
"02/25/2026","1,767.71","1,760.12","1,781.48","1,654.24","2.38M","-8.05%"
"02/24/2026","1,922.56","1,885.00","1,928.96","1,857.12","900.84K","3.12%"
"02/23/2026","1,864.46","1,995.35","2,008.19","1,848.91","757.87K","-6.63%"
"02/20/2026","1,996.87","1,986.01","2,020.55","1,964.87","361.11K","0.02%"
"02/19/2026","1,996.55","2,009.08","2,025.39","1,990.18","284.68K","-0.62%"
"02/18/2026","2,009.05","1,988.20","2,047.87","1,976.00","328.07K","1.70%"
"02/17/2026","1,975.51","1,975.39","2,006.66","1,931.12","425.71K","-0.64%"
"02/13/2026","1,988.26","1,990.26","2,006.32","1,963.47","425.77K","-0.93%"
"02/12/2026","2,007.00","2,092.62","2,113.90","1,997.00","584.40K","-0.55%"
"02/11/2026","2,018.18","2,053.23","2,060.00","1,972.00","471.00K","-0.35%"
"02/10/2026","2,025.32","2,035.18","2,082.09","2,012.33","545.65K","-0.50%"
"02/09/2026","2,035.59","1,984.02","2,037.02","1,958.88","546.63K","3.32%"
"02/06/2026","1,970.15","2,042.43","2,042.43","1,913.00","938.14K","-3.18%"
"02/05/2026","2,034.76","2,066.02","2,094.09","2,024.14","519.06K","-0.88%"
"02/04/2026","2,052.78","2,085.31","2,090.26","1,985.34","766.90K","-2.24%"
"02/03/2026","2,099.90","2,145.00","2,158.26","2,065.64","502.04K","-2.20%"
"02/02/2026","2,147.22","2,134.51","2,184.90","2,112.28","342.20K","-0.03%"
"01/30/2026","2,147.79","2,200.00","2,226.68","2,129.00","558.65K","-3.17%"
"01/29/2026","2,218.14","2,268.98","2,292.34","2,209.93","418.73K","-2.22%"
"01/28/2026","2,268.60","2,303.91","2,342.00","2,266.35","486.22K","-1.15%"
"01/27/2026","2,295.00","2,222.00","2,302.46","2,205.00","569.69K","3.72%"
"01/26/2026","2,212.62","2,131.47","2,241.99","2,127.97","539.45K","3.52%"
"01/23/2026","2,137.29","2,145.00","2,153.46","2,100.31","467.18K","-0.76%"
"01/22/2026","2,153.75","2,113.41","2,166.00","2,111.01","872.95K","4.66%"
"01/21/2026","2,057.77","2,045.00","2,093.51","2,032.01","943.09K","1.13%"
"01/20/2026","2,034.82","2,049.04","2,110.36","2,028.21","536.21K","-1.94%"
"01/16/2026","2,075.01","2,104.74","2,110.04","2,061.62","547.10K","-1.14%"
"01/15/2026","2,098.85","2,137.12","2,151.46","2,084.61","425.23K","-0.15%"
"01/14/2026","2,101.95","2,055.70","2,108.00","2,041.02","500.45K","1.37%"
"01/13/2026","2,073.57","2,127.21","2,130.15","2,030.91","690.14K","-3.55%"
"01/12/2026","2,149.90","2,164.27","2,165.02","2,122.57","408.56K","-1.31%"
"01/09/2026","2,178.41","2,191.50","2,193.06","2,162.00","309.30K","-0.06%"
"01/08/2026","2,179.80","2,176.70","2,200.70","2,160.02","340.77K","0.79%"
"01/07/2026","2,162.61","2,187.04","2,188.49","2,130.00","383.33K","-1.12%"
"01/06/2026","2,187.04","2,142.17","2,239.95","2,138.00","689.43K","1.79%"
"01/05/2026","2,148.62","2,011.94","2,211.93","2,010.89","1.07M","8.86%"
"01/02/2026","1,973.70","2,027.55","2,035.00","1,968.88","502.48K","-2.01%"
"12/31/2025","2,014.26","2,014.56","2,027.73","2,007.50","199.74K","-0.33%"
"12/30/2025","2,020.88","2,014.92","2,025.19","1,997.06","294.17K","0.29%"
"12/29/2025","2,014.97","1,995.00","2,039.76","1,986.00","276.10K","0.46%"
"12/26/2025","2,005.71","1,998.08","2,012.00","1,994.01","192.54K","0.38%"
"12/24/2025","1,998.21","1,996.00","2,008.17","1,982.12","98.15K","0.16%"
"12/23/2025","1,995.07","1,995.00","2,006.66","1,974.00","254.28K","0.07%"
"12/22/2025","1,993.65","2,009.88","2,013.00","1,960.03","311.11K","-0.20%"
"12/19/2025","1,997.61","1,969.83","2,014.46","1,962.00","737.89K","1.69%"
"12/18/2025","1,964.46","1,932.49","1,983.22","1,932.49","686.12K","2.51%"
"12/17/2025","1,916.28","1,943.69","1,956.05","1,901.83","687.55K","-0.90%"
"12/16/2025","1,933.72","1,964.44","1,974.30","1,906.18","908.31K","-1.68%"
"12/15/2025","1,966.76","2,028.86","2,028.86","1,955.11","487.08K","-2.44%"
"12/12/2025","2,015.89","2,014.65","2,050.49","2,005.00","401.37K","-0.19%"
"12/11/2025","2,019.81","1,978.41","2,042.05","1,969.69","522.75K","2.49%"
"12/10/2025","1,970.73","2,031.01","2,037.50","1,957.00","1.17M","-5.00%"
"12/09/2025","2,074.48","2,072.05","2,091.99","2,044.59","418.18K","-0.66%"
"12/08/2025","2,088.36","2,087.08","2,121.42","2,075.00","361.38K","1.06%"
"12/05/2025","2,066.42","2,145.49","2,163.00","2,051.04","668.87K","-3.42%"
"12/04/2025","2,139.56","2,128.51","2,151.33","2,079.08","443.09K","0.93%"
"12/03/2025","2,119.83","2,117.00","2,151.63","2,102.56","383.79K","0.19%"
"12/02/2025","2,115.91","2,067.75","2,153.75","2,066.01","616.37K","2.49%"
"12/01/2025","2,064.55","2,060.00","2,084.88","2,035.39","538.71K","-0.35%"
"11/28/2025","2,071.78","2,075.38","2,090.86","2,050.00","248.71K","1.89%"
"11/26/2025","2,033.32","2,077.44","2,079.97","2,026.00","378.11K","-1.05%"
"11/25/2025","2,055.00","2,000.67","2,059.94","1,990.56","524.78K","2.29%"
"11/24/2025","2,008.92","1,970.00","2,011.00","1,935.09","870.21K","2.93%"
"11/21/2025","1,951.78","1,903.62","1,966.74","1,901.00","816.08K","2.74%"
"11/20/2025","1,899.75","2,105.30","2,108.00","1,897.18","1.20M","-8.54%"
"11/19/2025","2,077.18","2,065.00","2,095.67","2,054.17","428.86K","0.89%"
"11/18/2025","2,058.81","2,051.10","2,084.13","2,035.61","380.03K","0.05%"
"11/17/2025","2,057.72","2,055.00","2,074.19","2,038.00","375.25K","0.43%"
"11/14/2025","2,048.89","2,030.15","2,049.55","1,990.55","600.89K","0.88%"
"11/13/2025","2,031.05","2,084.51","2,100.00","2,017.88","700.92K","-3.46%"
"11/12/2025","2,103.91","2,141.56","2,143.44","2,094.66","406.03K","0.21%"
"11/11/2025","2,099.57","2,086.16","2,124.50","2,070.00","395.27K","0.36%"
"11/10/2025","2,092.04","2,127.15","2,131.56","2,049.43","823.97K","-0.79%"
"11/07/2025","2,108.60","2,120.00","2,122.00","2,078.36","655.94K","-0.93%"
"11/06/2025","2,128.33","2,274.12","2,276.91","2,121.78","742.55K","-7.54%"
"11/05/2025","2,301.88","2,295.00","2,320.00","2,233.42","464.51K","-0.17%"
"11/04/2025","2,305.69","2,300.00","2,372.79","2,270.00","383.69K","-0.46%"
"11/03/2025","2,316.40","2,331.20","2,387.55","2,289.00","497.48K","-0.47%"
"10/31/2025","2,327.26","2,375.00","2,419.78","2,308.00","754.77K","-1.42%"
"10/30/2025","2,360.76","2,210.55","2,428.00","2,210.00","892.73K","2.82%"
"10/29/2025","2,295.92","2,283.42","2,319.28","2,251.00","545.82K","0.25%"
"10/28/2025","2,290.14","2,290.54","2,298.05","2,250.05","385.60K","0.34%"
"10/27/2025","2,282.32","2,300.00","2,304.09","2,220.00","640.43K","5.61%"
"10/24/2025","2,161.11","2,171.82","2,185.00","2,140.02","367.72K","0.60%"
"10/23/2025","2,148.32","2,108.69","2,149.98","2,095.00","296.39K","2.53%"
"10/22/2025","2,095.21","2,129.56","2,131.44","2,088.45","283.28K","-2.19%"
"10/21/2025","2,142.05","2,105.00","2,163.24","2,096.00","349.42K","1.90%"
"10/20/2025","2,102.11","2,039.73","2,105.00","2,033.09","361.25K","3.81%"